name,internal_inclusion_coverage,external_inclusion_coverage,exclusion_coverage,net_coverage
Aldershot,89.54622833271127,0.0,0.0,89.54622833271127
Aldridge-Brownhills,91.76721553257961,0.0,0.0,91.76721553257961
Altrincham and Sale West,80.53442124220791,0.0,0.0,80.53442124220791
Amber Valley,94.42307001965419,0.0,0.0,94.42307001965419
Arundel and South Downs,94.59151279400824,0.0,0.0,94.59151279400824
Ashfield,90.43163982304944,0.0,0.0,90.43163982304944
Ashford,92.56804979220487,0.0,0.0,92.56804979220487
Ashton-under-Lyne,86.96183228415984,0.0,0.0,86.96183228415984
Aylesbury,92.09904913127075,0.0,0.0,92.09904913127075
Banbury,93.3438035053084,0.0,0.0,93.3438035053084
Barking,81.68807912191248,0.0,0.0,81.68807912191248
Barnsley North,91.29417101503489,0.0,0.0,91.29417101503489
Barnsley South,85.80426986316144,0.0,0.0,85.80426986316144
Barrow and Furness,95.4067232558058,0.0,0.0,95.4067232558058
Basildon and Billericay,92.52320998491287,0.0,0.0,92.52320998491287
Basingstoke,88.04125225056615,0.0,0.0,88.04125225056615
Bassetlaw,93.72269224182735,0.0,0.0,93.72269224182735
Bath,91.04100913814855,0.0,0.0,91.04100913814855
Battersea,48.199284900141215,0.0,0.0,48.199284900141215
Beaconsfield,85.93785490247025,0.0,0.0,85.93785490247025
Beckenham and Penge,79.61459869449368,0.0,0.0,79.61459869449368
Bedford,81.89741438056957,0.0,0.0,81.89741438056957
Bermondsey and Old Southwark,0.0,0.0,0.0,0.0
Bethnal Green and Stepney,86.10036291693953,0.0,0.0,86.10036291693953
Beverley and Holderness,96.06163851064377,0.0,0.0,96.06163851064377
Bexhill and Battle,95.29466548179713,0.0,0.0,95.29466548179713
Bexleyheath and Crayford,78.1760841901218,0.0,0.0,78.1760841901218
Bicester and Woodstock,94.00270142642542,0.0,0.0,94.00270142642542
Birkenhead,92.38690586682247,0.0,0.0,92.38690586682247
Birmingham Edgbaston,84.72898245027999,0.0,0.0,84.72898245027999
Birmingham Erdington,79.97981280073888,0.0,0.0,79.97981280073888
Birmingham Hall Green and Moseley,63.745842737242135,0.0,0.0,63.745842737242135
Birmingham Hodge Hill and Solihull North,72.3090852968826,0.0,0.0,72.3090852968826
Birmingham Ladywood,67.40300292239552,0.0,0.0,67.40300292239552
Birmingham Northfield,67.49648186627604,0.0,0.0,67.49648186627604
Birmingham Perry Barr,74.14503147747034,0.0,0.0,74.14503147747034
Birmingham Selly Oak,73.74595978289123,0.0,0.0,73.74595978289123
Birmingham Yardley,52.65147455214069,0.0,0.0,52.65147455214069
Bishop Auckland,95.92959439383642,0.0,0.0,95.92959439383642
Blackburn,90.48772387681224,0.0,0.0,90.48772387681224
Blackley and Middleton South,75.18779108478275,0.0,0.0,75.18779108478275
Blackpool North and Fleetwood,89.824310057851,0.0,0.0,89.824310057851
Blackpool South,81.34791581647065,0.0,0.0,81.34791581647065
Blaydon and Consett,91.91956021233648,0.0,0.0,91.91956021233648
Blyth and Ashington,93.26655562420005,0.0,0.0,93.26655562420005
Bognor Regis and Littlehampton,74.4055891791668,0.0,0.0,74.4055891791668
Bolsover,93.51316182982639,0.0,0.0,93.51316182982639
Bolton North East,75.7488938955015,0.0,0.0,75.7488938955015
Bolton South and Walkden,85.59225151690022,0.0,0.0,85.59225151690022
Bolton West,92.35545503807217,0.0,0.0,92.35545503807217
Bootle,88.4507725049143,0.0,0.0,88.4507725049143
Boston and Skegness,96.30905859949564,0.0,0.0,96.30905859949564
Bournemouth East,72.04886492778155,0.0,0.0,72.04886492778155
Bournemouth West,86.45874976835476,0.0,0.0,86.45874976835476
Bracknell,93.50836168297816,0.0,0.0,93.50836168297816
Bradford East,64.90639209442264,0.0,0.0,64.90639209442264
Bradford South,65.73077423495002,0.0,0.0,65.73077423495002
Bradford West,78.5042766962043,0.0,0.0,78.5042766962043
Braintree,95.27571115794302,0.0,0.0,95.27571115794302
Brent East,54.144160891464786,0.0,0.0,54.144160891464786
Brent West,88.93328427417127,0.0,0.0,88.93328427417127
Brentford and Isleworth,68.18103955420808,0.0,0.0,68.18103955420808
Brentwood and Ongar,96.64208335672761,0.0,0.0,96.64208335672761
Bridgwater,92.09118473396325,0.0,0.0,92.09118473396325
Bridlington and The Wolds,94.984772627627,0.0,0.0,94.984772627627
Brigg and Immingham,94.724630938326,0.0,0.0,94.724630938326
Brighton Kemptown and Peacehaven,77.71173188451291,0.0,0.0,77.71173188451291
Brighton Pavilion,72.95381292870158,0.0,0.0,72.95381292870158
Bristol Central,79.00450140643545,0.0,0.0,79.00450140643545
Bristol East,77.25592360382302,0.0,0.0,77.25592360382302
Bristol North East,50.10397911310821,0.0,0.0,50.10397911310821
Bristol North West,93.71145114061873,0.0,0.0,93.71145114061873
Bristol South,81.9491161373192,0.0,0.0,81.9491161373192
Broadland and Fakenham,90.52216102255656,0.0,0.0,90.52216102255656
Bromley and Biggin Hill,88.57300618691114,0.0,0.0,88.57300618691114
Bromsgrove,91.09808010795,0.0,0.0,91.09808010795
Broxbourne,93.02635552746133,0.0,0.0,93.02635552746133
Broxtowe,77.79169315839596,0.0,0.0,77.79169315839596
Buckingham and Bletchley,94.60709111792694,0.0,0.0,94.60709111792694
Burnley,94.45005148534672,0.0,0.0,94.45005148534672
Burton and Uttoxeter,88.82366714195118,0.0,0.0,88.82366714195118
Bury North,79.00130912720552,0.0,0.0,79.00130912720552
Bury South,80.37601821729666,0.0,0.0,80.37601821729666
Bury St Edmunds and Stowmarket,93.07511515035442,0.0,0.0,93.07511515035442
Calder Valley,94.64018995536985,0.0,0.0,94.64018995536985
Camborne and Redruth,91.66626736494044,0.0,0.0,91.66626736494044
Cambridge,81.6906095144594,0.0,0.0,81.6906095144594
Cannock Chase,93.6284190460884,0.0,0.0,93.6284190460884
Canterbury,91.15705942352798,0.0,0.0,91.15705942352798
Carlisle,95.4621161285808,0.0,0.0,95.4621161285808
Carshalton and Wallington,81.53897364612402,0.0,0.0,81.53897364612402
Castle Point,94.7276131297488,0.0,0.0,94.7276131297488
Central Devon,91.92584046082645,0.0,0.0,91.92584046082645
Central Suffolk and North Ipswich,94.04283231027611,0.0,0.0,94.04283231027611
Chatham and Aylesford,81.96308467569393,0.0,0.0,81.96308467569393
Cheadle,83.26477591923414,0.0,0.0,83.26477591923414
Chelmsford,80.12925680414584,0.0,0.0,80.12925680414584
Chelsea and Fulham,71.07197796972667,0.0,0.0,71.07197796972667
Cheltenham,87.63970587748913,0.0,0.0,87.63970587748913
Chesham and Amersham,89.53219316513561,0.0,0.0,89.53219316513561
Chester North and Neston,92.01403699372892,0.0,0.0,92.01403699372892
Chester South and Eddisbury,94.41860050264695,0.0,0.0,94.41860050264695
Chesterfield,81.14676152484479,0.0,0.0,81.14676152484479
Chichester,95.82874393053756,0.0,0.0,95.82874393053756
Chingford and Woodford Green,81.4844645804698,0.0,0.0,81.4844645804698
Chippenham,93.18333671467792,0.0,0.0,93.18333671467792
Chipping Barnet,74.98955826051417,0.0,0.0,74.98955826051417
Chorley,90.37418973448543,0.0,0.0,90.37418973448543
Christchurch,87.62355110231675,0.0,0.0,87.62355110231675
Cities of London and Westminster,52.90598328580488,0.0,0.0,52.90598328580488
City of Durham,88.50633745371181,0.0,0.0,88.50633745371181
Clacton,96.43630184555211,0.0,0.0,96.43630184555211
Clapham and Brixton Hill,65.01134861878894,0.0,0.0,65.01134861878894
Colchester,90.69013677312523,0.0,0.0,90.69013677312523
Colne Valley,95.38456269897893,0.0,0.0,95.38456269897893
Congleton,95.0150370403244,0.0,0.0,95.0150370403244
Corby and East Northamptonshire,95.44609430211966,0.0,0.0,95.44609430211966
Coventry East,77.64019417555987,0.0,0.0,77.64019417555987
Coventry North West,89.08759435824237,0.0,0.0,89.08759435824237
Coventry South,68.12461915799184,0.0,0.0,68.12461915799184
Cramlington and Killingworth,91.28924840728695,0.0,0.0,91.28924840728695
Crawley,89.23793809870251,0.0,0.0,89.23793809870251
Crewe and Nantwich,93.07506919274081,0.0,0.0,93.07506919274081
Croydon East,77.42455753424906,0.0,0.0,77.42455753424906
Croydon South,78.76814345456852,0.0,0.0,78.76814345456852
Croydon West,60.67742495721326,0.0,0.0,60.67742495721326
Dagenham and Rainham,80.73240371925223,0.0,0.0,80.73240371925223
Darlington,90.63734711945085,0.0,0.0,90.63734711945085
Dartford,81.82115068986903,0.0,0.0,81.82115068986903
Daventry,94.78726417568348,0.0,0.0,94.78726417568348
Derby North,82.68187471526954,0.0,0.0,82.68187471526954
Derby South,85.16732456582754,0.0,0.0,85.16732456582754
Derbyshire Dales,93.69121964504374,0.0,0.0,93.69121964504374
Dewsbury and Batley,82.54848168703553,0.0,0.0,82.54848168703553
Didcot and Wantage,94.97422042300074,0.0,0.0,94.97422042300074
Doncaster Central,87.89459212625881,0.0,0.0,87.89459212625881
Doncaster East and the Isle of Axholme,95.68808161889957,0.0,0.0,95.68808161889957
Doncaster North,94.88397911519104,0.0,0.0,94.88397911519104
Dorking and Horley,94.56737121291664,0.0,0.0,94.56737121291664
Dover and Deal,95.66378045379449,0.0,0.0,95.66378045379449
Droitwich and Evesham,89.18181484299811,0.0,0.0,89.18181484299811
Dudley,73.3121421244709,0.0,0.0,73.3121421244709
Dulwich and West Norwood,62.31865768688348,0.0,0.0,62.31865768688348
Dunstable and Leighton Buzzard,90.75299023488948,0.0,0.0,90.75299023488948
Ealing Central and Acton,74.47632136789417,0.0,0.0,74.47632136789417
Ealing North,80.88600128620001,0.0,0.0,80.88600128620001
Ealing Southall,46.14111888818871,0.0,0.0,46.14111888818871
Earley and Woodley,86.21713221748934,0.0,0.0,86.21713221748934
Easington,93.78401970300925,0.0,0.0,93.78401970300925
East Grinstead and Uckfield,91.99872131726941,0.0,0.0,91.99872131726941
East Ham,79.58059685665775,0.0,0.0,79.58059685665775
East Hampshire,93.8802634705115,0.0,0.0,93.8802634705115
East Surrey,96.2869610469062,0.0,0.0,96.2869610469062
East Thanet,82.68926224099108,0.0,0.0,82.68926224099108
East Wiltshire,95.45171801984995,0.0,0.0,95.45171801984995
East Worthing and Shoreham,91.19676858976828,0.0,0.0,91.19676858976828
Eastbourne,92.05059502130356,0.0,0.0,92.05059502130356
Eastleigh,87.05440963142472,0.0,0.0,87.05440963142472
Edmonton and Winchmore Hill,82.50080681482234,0.0,0.0,82.50080681482234
Ellesmere Port and Bromborough,92.8758381015247,0.0,0.0,92.8758381015247
Eltham and Chislehurst,82.81581353290207,0.0,0.0,82.81581353290207
Ely and East Cambridgeshire,95.01835550245566,0.0,0.0,95.01835550245566
Enfield North,90.06010385752076,0.0,0.0,90.06010385752076
Epping Forest,90.60391264701728,0.0,0.0,90.60391264701728
Epsom and Ewell,93.44150151532978,0.0,0.0,93.44150151532978
Erewash,87.1399728138094,0.0,0.0,87.1399728138094
Erith and Thamesmead,77.85648835843106,0.0,0.0,77.85648835843106
Esher and Walton,93.32249790369531,0.0,0.0,93.32249790369531
Exeter,87.84507880753588,0.0,0.0,87.84507880753588
Exmouth and Exeter East,90.50304368193441,0.0,0.0,90.50304368193441
Fareham and Waterlooville,89.07754658884828,0.0,0.0,89.07754658884828
Farnham and Bordon,92.2508834925816,0.0,0.0,92.2508834925816
Faversham and Mid Kent,95.02501456868839,0.0,0.0,95.02501456868839
Feltham and Heston,81.24602212615545,0.0,0.0,81.24602212615545
Filton and Bradley Stoke,73.37683415671681,0.0,0.0,73.37683415671681
Finchley and Golders Green,83.26876795419648,0.0,0.0,83.26876795419648
Folkestone and Hythe,93.43028229768228,0.0,0.0,93.43028229768228
Forest of Dean,93.46781842346238,0.0,0.0,93.46781842346238
Frome and East Somerset,93.81381826839993,0.0,0.0,93.81381826839993
Fylde,95.10697510092194,0.0,0.0,95.10697510092194
Gainsborough,94.06434020589509,0.0,0.0,94.06434020589509
Gateshead Central and Whickham,88.02275079767944,0.0,0.0,88.02275079767944
Gedling,87.76242908764696,0.0,0.0,87.76242908764696
Gillingham and Rainham,91.145335697558,0.0,0.0,91.145335697558
Glastonbury and Somerton,94.28835067649682,0.0,0.0,94.28835067649682
Gloucester,89.16183146621395,0.0,0.0,89.16183146621395
Godalming and Ash,94.15125539048292,0.0,0.0,94.15125539048292
Goole and Pocklington,93.67912911335375,0.0,0.0,93.67912911335375
Gorton and Denton,56.39216060362669,0.0,0.0,56.39216060362669
Gosport,92.46107036023582,0.0,0.0,92.46107036023582
Grantham and Bourne,96.43473205631688,0.0,0.0,96.43473205631688
Gravesham,92.39330782214911,0.0,0.0,92.39330782214911
Great Grimsby and Cleethorpes,90.06686628947236,0.0,0.0,90.06686628947236
Great Yarmouth,93.87833416967335,0.0,0.0,93.87833416967335
Greenwich and Woolwich,63.030380898333455,0.0,0.0,63.030380898333455
Guildford,92.47578004510838,0.0,0.0,92.47578004510838
Hackney North and Stoke Newington,62.36017356266889,0.0,0.0,62.36017356266889
Hackney South and Shoreditch,0.0,0.0,0.0,0.0
Halesowen,78.54566741150174,0.0,0.0,78.54566741150174
Halifax,81.2381365122742,0.0,0.0,81.2381365122742
Hamble Valley,88.51568533472548,0.0,0.0,88.51568533472548
Hammersmith and Chiswick,0.0,0.0,0.0,0.0
Hampstead and Highgate,75.07600364095244,0.0,0.0,75.07600364095244
"Harborough, Oadby and Wigston",92.7958028632415,0.0,0.0,92.7958028632415
Harlow,89.29100068223512,0.0,0.0,89.29100068223512
Harpenden and Berkhamsted,92.26111012783768,0.0,0.0,92.26111012783768
Harrogate and Knaresborough,91.55076720554915,0.0,0.0,91.55076720554915
Harrow East,86.42186805311914,0.0,0.0,86.42186805311914
Harrow West,71.46832803633926,0.0,0.0,71.46832803633926
Hartlepool,90.73080918087982,0.0,0.0,90.73080918087982
Harwich and North Essex,91.64811350903001,0.0,0.0,91.64811350903001
Hastings and Rye,92.83027656262911,0.0,0.0,92.83027656262911
Havant,92.24451946187237,0.0,0.0,92.24451946187237
Hayes and Harlington,92.03137956161144,0.0,0.0,92.03137956161144
Hazel Grove,89.82864196247394,0.0,0.0,89.82864196247394
Hemel Hempstead,86.11559122712015,0.0,0.0,86.11559122712015
Hendon,77.97425150053773,0.0,0.0,77.97425150053773
Henley and Thame,94.89681002966172,0.0,0.0,94.89681002966172
Hereford and South Herefordshire,93.50697702484845,0.0,0.0,93.50697702484845
Herne Bay and Sandwich,94.33033057762296,0.0,0.0,94.33033057762296
Hertford and Stortford,90.36676076368153,0.0,0.0,90.36676076368153
Hertsmere,91.43676166182355,0.0,0.0,91.43676166182355
Hexham,94.19626690895326,0.0,0.0,94.19626690895326
Heywood and Middleton North,90.3228089273572,0.0,0.0,90.3228089273572
High Peak,94.07427549508593,0.0,0.0,94.07427549508593
Hinckley and Bosworth,94.33908274369361,0.0,0.0,94.33908274369361
Hitchin,88.80590876411746,0.0,0.0,88.80590876411746
Holborn and St Pancras,0.0,0.0,0.0,0.0
Honiton and Sidmouth,95.66904883973424,0.0,0.0,95.66904883973424
Hornchurch and Upminster,88.26803483544012,0.0,0.0,88.26803483544012
Hornsey and Friern Barnet,59.05131497026942,0.0,0.0,59.05131497026942
Horsham,94.61185566490067,0.0,0.0,94.61185566490067
Houghton and Sunderland South,91.14076784463182,0.0,0.0,91.14076784463182
Hove and Portslade,91.88096511120705,0.0,0.0,91.88096511120705
Huddersfield,86.01245326694004,0.0,0.0,86.01245326694004
Huntingdon,96.36483493075515,0.0,0.0,96.36483493075515
Hyndburn,92.45607525633545,0.0,0.0,92.45607525633545
Ilford North,85.51709347964848,0.0,0.0,85.51709347964848
Ilford South,57.77273834548273,0.0,0.0,57.77273834548273
Ipswich,85.64016433573012,0.0,0.0,85.64016433573012
Isle of Wight East,93.05058856564263,0.0,0.0,93.05058856564263
Isle of Wight West,96.21213410656162,0.0,0.0,96.21213410656162
Islington North,0.0,0.0,0.0,0.0
Islington South and Finsbury,0.0,0.0,0.0,0.0
Jarrow and Gateshead East,88.95957859603676,0.0,0.0,88.95957859603676
Keighley and Ilkley,94.50576435119864,0.0,0.0,94.50576435119864
Kenilworth and Southam,89.51191987024671,0.0,0.0,89.51191987024671
Kensington and Bayswater,52.153602820306475,0.0,0.0,52.153602820306475
Kettering,95.58429098518114,0.0,0.0,95.58429098518114
Kingston and Surbiton,62.29638567426139,0.0,0.0,62.29638567426139
Kingston upon Hull East,76.76570528616476,0.0,0.0,76.76570528616476
Kingston upon Hull North and Cottingham,86.25165476443415,0.0,0.0,86.25165476443415
Kingston upon Hull West and Haltemprice,90.57524786922188,0.0,0.0,90.57524786922188
Kingswinford and South Staffordshire,90.52571813641664,0.0,0.0,90.52571813641664
Knowsley,78.35709548649606,0.0,0.0,78.35709548649606
Lancaster and Wyre,95.26545477580835,0.0,0.0,95.26545477580835
Leeds Central and Headingley,66.8950150042173,0.0,0.0,66.8950150042173
Leeds East,83.71829140472194,0.0,0.0,83.71829140472194
Leeds North East,89.85491217291514,0.0,0.0,89.85491217291514
Leeds North West,77.89330776165835,0.0,0.0,77.89330776165835
Leeds South West and Morley,85.96333579644039,0.0,0.0,85.96333579644039
Leeds South,87.71112983816128,0.0,0.0,87.71112983816128
Leeds West and Pudsey,78.52950459279073,0.0,0.0,78.52950459279073
Leicester East,86.57591387470178,0.0,0.0,86.57591387470178
Leicester South,67.77757214597166,0.0,0.0,67.77757214597166
Leicester West,77.4981763986198,0.0,0.0,77.4981763986198
Leigh and Atherton,87.08111787454851,0.0,0.0,87.08111787454851
Lewes,93.3102040490045,0.0,0.0,93.3102040490045
Lewisham East,74.25219933567502,0.0,0.0,74.25219933567502
Lewisham North,33.02790128700624,0.0,0.0,33.02790128700624
Lewisham West and East Dulwich,45.95781043421608,0.0,0.0,45.95781043421608
Leyton and Wanstead,75.16357744430036,0.0,0.0,75.16357744430036
Lichfield,95.3099997070817,0.0,0.0,95.3099997070817
Lincoln,88.5686649633118,0.0,0.0,88.5686649633118
Liverpool Garston,81.33780939183393,0.0,0.0,81.33780939183393
Liverpool Riverside,88.7698315156106,0.0,0.0,88.7698315156106
Liverpool Walton,73.27362320307317,0.0,0.0,73.27362320307317
Liverpool Wavertree,63.20937251661564,0.0,0.0,63.20937251661564
Liverpool West Derby,77.47344221806604,0.0,0.0,77.47344221806604
Loughborough,92.57847822899481,0.0,0.0,92.57847822899481
Louth and Horncastle,96.73920894288521,0.0,0.0,96.73920894288521
Lowestoft,93.32193321731354,0.0,0.0,93.32193321731354
Luton North,71.53998252783963,0.0,0.0,71.53998252783963
Luton South and South Bedfordshire,87.23703451580741,0.0,0.0,87.23703451580741
Macclesfield,96.61283489001599,0.0,0.0,96.61283489001599
Maidenhead,91.63831747517258,0.0,0.0,91.63831747517258
Maidstone and Malling,81.01634406929635,0.0,0.0,81.01634406929635
Makerfield,82.32488593829805,0.0,0.0,82.32488593829805
Maldon,95.67821420384712,0.0,0.0,95.67821420384712
Manchester Central,63.19560426071939,0.0,0.0,63.19560426071939
Manchester Rusholme,77.93733270362029,0.0,0.0,77.93733270362029
Manchester Withington,68.15464879577331,0.0,0.0,68.15464879577331
Mansfield,89.76785420199127,0.0,0.0,89.76785420199127
Melksham and Devizes,93.56176383991892,0.0,0.0,93.56176383991892
Melton and Syston,95.82884600675955,0.0,0.0,95.82884600675955
Meriden and Solihull East,90.65538788196974,0.0,0.0,90.65538788196974
Mid Bedfordshire,93.73183853266123,0.0,0.0,93.73183853266123
Mid Buckinghamshire,92.29596951028118,0.0,0.0,92.29596951028118
Mid Cheshire,91.47470792330311,0.0,0.0,91.47470792330311
Mid Derbyshire,88.70798857261532,0.0,0.0,88.70798857261532
Mid Dorset and North Poole,94.0290299718127,0.0,0.0,94.0290299718127
Mid Leicestershire,89.22003672114563,0.0,0.0,89.22003672114563
Mid Norfolk,95.43661552917743,0.0,0.0,95.43661552917743
Mid Sussex,92.09517779400127,0.0,0.0,92.09517779400127
Middlesbrough and Thornaby East,83.78668097257282,0.0,0.0,83.78668097257282
Middlesbrough South and East Cleveland,91.94662408113665,0.0,0.0,91.94662408113665
Milton Keynes Central,89.52236125612282,0.0,0.0,89.52236125612282
Milton Keynes North,95.17399083038639,0.0,0.0,95.17399083038639
Mitcham and Morden,53.2853770907643,0.0,0.0,53.2853770907643
Morecambe and Lunesdale,93.56006440153585,0.0,0.0,93.56006440153585
New Forest East,96.90197450462871,0.0,0.0,96.90197450462871
New Forest West,94.31814218274664,0.0,0.0,94.31814218274664
Newark,93.08608860466659,0.0,0.0,93.08608860466659
Newbury,95.61896799882646,0.0,0.0,95.61896799882646
Newcastle upon Tyne Central and West,88.63256800812978,0.0,0.0,88.63256800812978
Newcastle upon Tyne East and Wallsend,88.2514254725424,0.0,0.0,88.2514254725424
Newcastle upon Tyne North,82.87295511710927,0.0,0.0,82.87295511710927
Newcastle-under-Lyme,95.0896905256645,0.0,0.0,95.0896905256645
Newton Abbot,92.18467799098204,0.0,0.0,92.18467799098204
Newton Aycliffe and Spennymoor,94.32339814148544,0.0,0.0,94.32339814148544
Normanton and Hemsworth,94.77181491669947,0.0,0.0,94.77181491669947
North Bedfordshire,95.22254810417266,0.0,0.0,95.22254810417266
North Cornwall,94.16167184776643,0.0,0.0,94.16167184776643
North Cotswolds,89.94154988526326,0.0,0.0,89.94154988526326
North Devon,96.05725572728844,0.0,0.0,96.05725572728844
North Dorset,93.87363020212949,0.0,0.0,93.87363020212949
North Durham,92.61365089303023,0.0,0.0,92.61365089303023
North East Cambridgeshire,95.1482508162632,0.0,0.0,95.1482508162632
North East Derbyshire,89.5752180729711,0.0,0.0,89.5752180729711
North East Hampshire,96.19817563161536,0.0,0.0,96.19817563161536
North East Hertfordshire,95.38077886305894,0.0,0.0,95.38077886305894
North East Somerset and Hanham,87.14322881802005,0.0,0.0,87.14322881802005
North Herefordshire,91.9116313801998,0.0,0.0,91.9116313801998
North Norfolk,96.06536873742611,0.0,0.0,96.06536873742611
North Northumberland,95.41491230907067,0.0,0.0,95.41491230907067
North Shropshire,92.47901948605842,0.0,0.0,92.47901948605842
North Somerset,91.59570013812252,0.0,0.0,91.59570013812252
North Warwickshire and Bedworth,92.35734256056146,0.0,0.0,92.35734256056146
North West Cambridgeshire,93.11406054346207,0.0,0.0,93.11406054346207
North West Essex,94.72713271860998,0.0,0.0,94.72713271860998
North West Hampshire,95.83155731880161,0.0,0.0,95.83155731880161
North West Leicestershire,93.65807462285922,0.0,0.0,93.65807462285922
North West Norfolk,94.97831157218597,0.0,0.0,94.97831157218597
Northampton North,84.00843122500093,0.0,0.0,84.00843122500093
Northampton South,80.68757338833062,0.0,0.0,80.68757338833062
Norwich North,75.74119112406342,0.0,0.0,75.74119112406342
Norwich South,79.19851321932086,0.0,0.0,79.19851321932086
Nottingham East,76.73172347722067,0.0,0.0,76.73172347722067
Nottingham North and Kimberley,75.5631832719504,0.0,0.0,75.5631832719504
Nottingham South,73.85323116866148,0.0,0.0,73.85323116866148
Nuneaton,90.953512892948,0.0,0.0,90.953512892948
Old Bexley and Sidcup,88.19670208535706,0.0,0.0,88.19670208535706
Oldham East and Saddleworth,94.021097704433,0.0,0.0,94.021097704433
"Oldham West, Chadderton and Royton",80.63421594849535,0.0,0.0,80.63421594849535
Orpington,91.92083949410701,0.0,0.0,91.92083949410701
Ossett and Denby Dale,91.54380473603418,0.0,0.0,91.54380473603418
Oxford East,79.08077497831825,0.0,0.0,79.08077497831825
Oxford West and Abingdon,90.49891587563685,0.0,0.0,90.49891587563685
Peckham,43.910280016727924,0.0,0.0,43.910280016727924
Pendle and Clitheroe,93.98123033759398,0.0,0.0,93.98123033759398
Penistone and Stocksbridge,95.26568186875703,0.0,0.0,95.26568186875703
Penrith and Solway,95.04546341981924,0.0,0.0,95.04546341981924
Peterborough,96.05384320682721,0.0,0.0,96.05384320682721
Plymouth Moor View,84.87013751194237,0.0,0.0,84.87013751194237
Plymouth Sutton and Devonport,75.67686576743245,0.0,0.0,75.67686576743245
"Pontefract, Castleford and Knottingley",82.24189334029,0.0,0.0,82.24189334029
Poole,85.7641787246246,0.0,0.0,85.7641787246246
Poplar and Limehouse,40.38920892162242,0.0,0.0,40.38920892162242
Portsmouth North,89.16959465563814,0.0,0.0,89.16959465563814
Portsmouth South,71.5536105047656,0.0,0.0,71.5536105047656
Preston,85.86298935497173,0.0,0.0,85.86298935497173
Putney,73.06746666722402,0.0,0.0,73.06746666722402
Queen's Park and Maida Vale,0.0,0.0,0.0,0.0
Rawmarsh and Conisbrough,84.31759356562002,0.0,0.0,84.31759356562002
Rayleigh and Wickford,89.80642994989726,0.0,0.0,89.80642994989726
Reading Central,78.20120485569718,0.0,0.0,78.20120485569718
Reading West and Mid Berkshire,95.5024975325735,0.0,0.0,95.5024975325735
Redcar,84.24369343318816,0.0,0.0,84.24369343318816
Redditch,89.49688873745264,0.0,0.0,89.49688873745264
Reigate,92.96626357673803,0.0,0.0,92.96626357673803
Ribble Valley,94.0713795172031,0.0,0.0,94.0713795172031
Richmond and Northallerton,93.66595987223074,0.0,0.0,93.66595987223074
Richmond Park,76.99170270403421,0.0,0.0,76.99170270403421
Rochdale,92.14385706519883,0.0,0.0,92.14385706519883
Rochester and Strood,95.80530465594451,0.0,0.0,95.80530465594451
Romford,86.1689189838447,0.0,0.0,86.1689189838447
Romsey and Southampton North,94.23468358136228,0.0,0.0,94.23468358136228
Rossendale and Darwen,90.55190630861026,0.0,0.0,90.55190630861026
Rother Valley,92.20595227367828,0.0,0.0,92.20595227367828
Rotherham,82.32044893119185,0.0,0.0,82.32044893119185
Rugby,95.2724506591787,0.0,0.0,95.2724506591787
"Ruislip, Northwood and Pinner",84.26922545563592,0.0,0.0,84.26922545563592
Runcorn and Helsby,94.63748624090566,0.0,0.0,94.63748624090566
Runnymede and Weybridge,86.4804397415895,0.0,0.0,86.4804397415895
Rushcliffe,95.86806396249604,0.0,0.0,95.86806396249604
Rutland and Stamford,95.16435101600099,0.0,0.0,95.16435101600099
Salford,74.50919023330647,0.0,0.0,74.50919023330647
Salisbury,95.88418147718221,0.0,0.0,95.88418147718221
Scarborough and Whitby,94.66076993702524,0.0,0.0,94.66076993702524
Scunthorpe,96.27580872675767,0.0,0.0,96.27580872675767
Sefton Central,90.31691394908131,0.0,0.0,90.31691394908131
Selby,93.58480049821488,0.0,0.0,93.58480049821488
Sevenoaks,94.8021131904842,0.0,0.0,94.8021131904842
Sheffield Brightside and Hillsborough,85.13989024277139,0.0,0.0,85.13989024277139
Sheffield Central,63.83034307877726,0.0,0.0,63.83034307877726
Sheffield Hallam,92.55846320235561,0.0,0.0,92.55846320235561
Sheffield Heeley,83.84392751907059,0.0,0.0,83.84392751907059
Sheffield South East,84.22338237613556,0.0,0.0,84.22338237613556
Sherwood Forest,93.94190920576358,0.0,0.0,93.94190920576358
Shipley,84.55297461767326,0.0,0.0,84.55297461767326
Shrewsbury,93.11077865400577,0.0,0.0,93.11077865400577
Sittingbourne and Sheppey,96.36538180080298,0.0,0.0,96.36538180080298
Skipton and Ripon,94.97724554647371,0.0,0.0,94.97724554647371
Sleaford and North Hykeham,96.40447942329122,0.0,0.0,96.40447942329122
Slough,74.15069068087,0.0,0.0,74.15069068087
Smethwick,71.84050360090309,0.0,0.0,71.84050360090309
Solihull West and Shirley,78.86864821361699,0.0,0.0,78.86864821361699
South Basildon and East Thurrock,88.64799357302726,0.0,0.0,88.64799357302726
South Cambridgeshire,94.17798135311946,0.0,0.0,94.17798135311946
South Cotswolds,93.18944304127669,0.0,0.0,93.18944304127669
South Derbyshire,92.81867637435327,0.0,0.0,92.81867637435327
South Devon,93.19304179006289,0.0,0.0,93.19304179006289
South Dorset,92.42113105297477,0.0,0.0,92.42113105297477
South East Cornwall,94.4654362242239,0.0,0.0,94.4654362242239
South Holland and The Deepings,94.48743308245047,0.0,0.0,94.48743308245047
South Leicestershire,95.8321642022635,0.0,0.0,95.8321642022635
South Norfolk,91.81715613939745,0.0,0.0,91.81715613939745
South Northamptonshire,94.21751495856178,0.0,0.0,94.21751495856178
South Ribble,91.95633868001629,0.0,0.0,91.95633868001629
South Shields,85.35462277427973,0.0,0.0,85.35462277427973
South Shropshire,94.76016409236979,0.0,0.0,94.76016409236979
South Suffolk,95.25231651931914,0.0,0.0,95.25231651931914
South West Devon,94.29270233709047,0.0,0.0,94.29270233709047
South West Hertfordshire,87.41157720599874,0.0,0.0,87.41157720599874
South West Norfolk,93.89940086072116,0.0,0.0,93.89940086072116
South West Wiltshire,95.3403479116626,0.0,0.0,95.3403479116626
Southampton Itchen,77.46361827560149,0.0,0.0,77.46361827560149
Southampton Test,76.05651991265161,0.0,0.0,76.05651991265161
Southend East and Rochford,77.34367052030733,0.0,0.0,77.34367052030733
Southend West and Leigh,81.95226782766436,0.0,0.0,81.95226782766436
Southgate and Wood Green,31.34184367659282,0.0,0.0,31.34184367659282
Southport,94.68820076537057,0.0,0.0,94.68820076537057
Spelthorne,88.6931775796149,0.0,0.0,88.6931775796149
Spen Valley,88.71243960204438,0.0,0.0,88.71243960204438
St Albans,82.78334845057665,0.0,0.0,82.78334845057665
St Austell and Newquay,90.04893840205278,0.0,0.0,90.04893840205278
St Helens North,88.93972848261089,0.0,0.0,88.93972848261089
St Helens South and Whiston,88.64293557427071,0.0,0.0,88.64293557427071
St Ives,89.82855778992486,0.0,0.0,89.82855778992486
St Neots and Mid Cambridgeshire,95.54267520738516,0.0,0.0,95.54267520738516
Stafford,94.76193956705154,0.0,0.0,94.76193956705154
Staffordshire Moorlands,96.20909207314634,0.0,0.0,96.20909207314634
Stalybridge and Hyde,92.34029521504017,0.0,0.0,92.34029521504017
Stevenage,85.01180411225133,0.0,0.0,85.01180411225133
Stockport,84.90999220052666,0.0,0.0,84.90999220052666
Stockton North,88.17628692308071,0.0,0.0,88.17628692308071
Stockton West,85.2545518937906,0.0,0.0,85.2545518937906
Stoke-on-Trent Central,85.57033595215246,0.0,0.0,85.57033595215246
Stoke-on-Trent North,90.05061001615452,0.0,0.0,90.05061001615452
Stoke-on-Trent South,92.28854927509144,0.0,0.0,92.28854927509144
"Stone, Great Wyrley and Penkridge",94.3638004353226,0.0,0.0,94.3638004353226
Stourbridge,70.1691315006251,0.0,0.0,70.1691315006251
Stratford and Bow,38.843680810538324,0.0,0.0,38.843680810538324
Stratford-on-Avon,93.10927910324311,0.0,0.0,93.10927910324311
Streatham and Croydon North,36.10881564026441,0.0,0.0,36.10881564026441
Stretford and Urmston,85.10122627520455,0.0,0.0,85.10122627520455
Stroud,92.58108022561964,0.0,0.0,92.58108022561964
Suffolk Coastal,94.33063052364123,0.0,0.0,94.33063052364123
Sunderland Central,71.43469205060917,0.0,0.0,71.43469205060917
Surrey Heath,93.42362523294194,0.0,0.0,93.42362523294194
Sussex Weald,94.00307151730294,0.0,0.0,94.00307151730294
Sutton and Cheam,65.99872930399901,0.0,0.0,65.99872930399901
Sutton Coldfield,91.17194489667511,0.0,0.0,91.17194489667511
Swindon North,92.77071254067292,0.0,0.0,92.77071254067292
Swindon South,84.82237218896083,0.0,0.0,84.82237218896083
Tamworth,95.05853641901783,0.0,0.0,95.05853641901783
Tatton,92.56822563968856,0.0,0.0,92.56822563968856
Taunton and Wellington,93.81216223367512,0.0,0.0,93.81216223367512
Telford,90.41121097622462,0.0,0.0,90.41121097622462
Tewkesbury,90.44421955702204,0.0,0.0,90.44421955702204
The Wrekin,94.46338351041612,0.0,0.0,94.46338351041612
Thirsk and Malton,92.90978182897263,0.0,0.0,92.90978182897263
Thornbury and Yate,95.31757120218575,0.0,0.0,95.31757120218575
Thurrock,92.38375989217054,0.0,0.0,92.38375989217054
Tipton and Wednesbury,79.56909321420119,0.0,0.0,79.56909321420119
Tiverton and Minehead,94.66384455307332,0.0,0.0,94.66384455307332
Tonbridge,92.40437501113068,0.0,0.0,92.40437501113068
Tooting,70.24397129011466,0.0,0.0,70.24397129011466
Torbay,92.92851324101132,0.0,0.0,92.92851324101132
Torridge and Tavistock,90.86612330779174,0.0,0.0,90.86612330779174
Tottenham,56.13449887124284,0.0,0.0,56.13449887124284
Truro and Falmouth,90.4910574406064,0.0,0.0,90.4910574406064
Tunbridge Wells,91.79714627672165,0.0,0.0,91.79714627672165
Twickenham,71.82939474394932,0.0,0.0,71.82939474394932
Tynemouth,86.66862240761984,0.0,0.0,86.66862240761984
Uxbridge and South Ruislip,79.89576558464866,0.0,0.0,79.89576558464866
Vauxhall and Camberwell Green,56.444051564627856,0.0,0.0,56.444051564627856
Wakefield and Rothwell,89.09009322552156,0.0,0.0,89.09009322552156
Wallasey,87.75008510227453,0.0,0.0,87.75008510227453
Walsall and Bloxwich,89.78876666394032,0.0,0.0,89.78876666394032
Walthamstow,83.3196228220142,0.0,0.0,83.3196228220142
Warrington North,91.56655226863991,0.0,0.0,91.56655226863991
Warrington South,89.93042539133485,0.0,0.0,89.93042539133485
Warwick and Leamington,90.46700959455276,0.0,0.0,90.46700959455276
Washington and Gateshead South,89.2501846833352,0.0,0.0,89.2501846833352
Watford,84.5157418009463,0.0,0.0,84.5157418009463
Waveney Valley,94.18699619478893,0.0,0.0,94.18699619478893
Weald of Kent,93.69810812186286,0.0,0.0,93.69810812186286
Wellingborough and Rushden,90.78945901766633,0.0,0.0,90.78945901766633
Wells and Mendip Hills,95.18054040703646,0.0,0.0,95.18054040703646
Welwyn Hatfield,88.02647066736719,0.0,0.0,88.02647066736719
West Bromwich,71.97590158968065,0.0,0.0,71.97590158968065
West Dorset,93.61818413387418,0.0,0.0,93.61818413387418
West Ham and Beckton,83.21093113527326,0.0,0.0,83.21093113527326
West Lancashire,95.16623401311911,0.0,0.0,95.16623401311911
West Suffolk,92.74259658476018,0.0,0.0,92.74259658476018
West Worcestershire,89.37832383876223,0.0,0.0,89.37832383876223
Westmorland and Lonsdale,95.50908885414333,0.0,0.0,95.50908885414333
Weston-super-Mare,89.82030317529018,0.0,0.0,89.82030317529018
Wetherby and Easingwold,92.9921820248826,0.0,0.0,92.9921820248826
Whitehaven and Workington,96.6479609384594,0.0,0.0,96.6479609384594
Widnes and Halewood,89.89044690161839,0.0,0.0,89.89044690161839
Wigan,93.87894848023605,0.0,0.0,93.87894848023605
Wimbledon,65.03814171449443,0.0,0.0,65.03814171449443
Winchester,95.81786098093298,0.0,0.0,95.81786098093298
Windsor,88.69884167868763,0.0,0.0,88.69884167868763
Wirral West,95.72402297717822,0.0,0.0,95.72402297717822
Witham,93.79911519676875,0.0,0.0,93.79911519676875
Witney,93.82134552270071,0.0,0.0,93.82134552270071
Woking,84.13866915999328,0.0,0.0,84.13866915999328
Wokingham,93.28785192950633,0.0,0.0,93.28785192950633
Wolverhampton North East,85.94474600182237,0.0,0.0,85.94474600182237
Wolverhampton South East,87.51357704936638,0.0,0.0,87.51357704936638
Wolverhampton West,84.52485163636268,0.0,0.0,84.52485163636268
Worcester,89.36479209431779,0.0,0.0,89.36479209431779
Worsley and Eccles,92.87359472690433,0.0,0.0,92.87359472690433
Worthing West,87.34343081838146,0.0,0.0,87.34343081838146
Wycombe,90.17989909790957,0.0,0.0,90.17989909790957
Wyre Forest,93.07068595219327,0.0,0.0,93.07068595219327
Wythenshawe and Sale East,84.84244380743476,0.0,0.0,84.84244380743476
Yeovil,93.91204245431202,0.0,0.0,93.91204245431202
York Central,67.75315299449966,0.0,0.0,67.75315299449966
York Outer,91.55257713578679,0.0,0.0,91.55257713578679
"Berwickshire, Roxburgh and Selkirk",95.08012632561557,0.0,0.0,95.08012632561557
Arbroath and Broughty Ferry,96.13901102579779,0.0,0.0,96.13901102579779
Dunfermline and Dollar,95.03243592947997,0.0,0.0,95.03243592947997
Airdrie and Shotts,94.15848216638176,0.0,0.0,94.15848216638176
East Kilbride and Strathaven,95.5445836734923,0.0,0.0,95.5445836734923
East Renfrewshire,90.31103035908382,0.0,0.0,90.31103035908382
Edinburgh East and Musselburgh,78.16388168755628,0.0,0.0,78.16388168755628
Edinburgh North and Leith,67.94036531153586,0.0,0.0,67.94036531153586
Edinburgh South West,91.58636788236434,0.0,0.0,91.58636788236434
Alloa and Grangemouth,90.5735232383736,0.0,0.0,90.5735232383736
Glasgow South West,73.78916732270386,0.0,0.0,73.78916732270386
Inverclyde and Renfrewshire West,95.91632649118337,0.0,0.0,95.91632649118337
Kilmarnock and Loudoun,94.49184094045977,0.0,0.0,94.49184094045977
Livingston,94.64178934447999,0.0,0.0,94.64178934447999
Midlothian,95.43226138809507,0.0,0.0,95.43226138809507
"Motherwell, Wishaw and Carluke",93.89377685048228,0.0,0.0,93.89377685048228
Paisley and Renfrewshire South,91.09396884150686,0.0,0.0,91.09396884150686
Angus and Perthshire Glens,94.74377199444743,0.0,0.0,94.74377199444743
Stirling and Strathallan,94.83932020747538,0.0,0.0,94.83932020747538
West Dunbartonshire,93.20637383210382,0.0,0.0,93.20637383210382
"Moray West, Nairn and Strathspey",94.49507560545354,0.0,0.0,94.49507560545354
"Argyll, Bute and South Lochaber",64.68654996961946,0.0,0.0,64.68654996961946
West Aberdeenshire and Kincardine,94.03349187332313,0.0,0.0,94.03349187332313
Gordon and Buchan,95.79030466512114,0.0,0.0,95.79030466512114
Cowdenbeath and Kirkcaldy,92.2242975674788,0.0,0.0,92.2242975674788
Aberdeen South,89.74945578914581,0.0,0.0,89.74945578914581
Edinburgh West,92.87789890155017,0.0,0.0,92.87789890155017
Lothian East,96.43507178582969,0.0,0.0,96.43507178582969
"Ayr, Carrick and Cumnock",94.97829602026805,0.0,0.0,94.97829602026805
Central Ayrshire,90.23468050582233,0.0,0.0,90.23468050582233
Orkney and Shetland,54.25274478742367,0.0,0.0,54.25274478742367
Na h-Eileanan an Iar,66.71260823434157,0.0,0.0,66.71260823434157
North Ayrshire and Arran,93.78200206093449,0.0,0.0,93.78200206093449
Perth and Kinross-shire,93.31459435836169,0.0,0.0,93.31459435836169
Dundee Central,90.73939830843328,0.0,0.0,90.73939830843328
Falkirk,94.09496254015005,0.0,0.0,94.09496254015005
Bathgate and Linlithgow,92.8602205969791,0.0,0.0,92.8602205969791
"Inverness, Skye and West Ross-shire",77.95250404888301,0.0,0.0,77.95250404888301
Edinburgh South,85.49091946174345,0.0,0.0,85.49091946174345
Dumfries and Galloway,93.34543913960997,0.0,0.0,93.34543913960997
Paisley and Renfrewshire North,91.82514338099034,0.0,0.0,91.82514338099034
Aberdeenshire North and Moray East,93.474963880288,0.0,0.0,93.474963880288
"Caithness, Sutherland and Easter Ross",89.59687195295399,0.0,0.0,89.59687195295399
Glasgow East,67.97231757691337,0.0,0.0,67.97231757691337
Mid Dunbartonshire,91.7232222427187,0.0,0.0,91.7232222427187
Glasgow North,79.60280710655634,0.0,0.0,79.60280710655634
Glasgow South,81.03526389156596,0.0,0.0,81.03526389156596
Glasgow West,83.30277709385436,0.0,0.0,83.30277709385436
Cumbernauld and Kirkintilloch,87.16281341368851,0.0,0.0,87.16281341368851
Coatbridge and Bellshill,83.70776220208263,0.0,0.0,83.70776220208263
Hamilton and Clyde Valley,93.47579998928629,0.0,0.0,93.47579998928629
Rutherglen,84.48448273123935,0.0,0.0,84.48448273123935
Glasgow North East,91.24960059316297,0.0,0.0,91.24960059316297
Aberdeen North,91.90302167748145,0.0,0.0,91.90302167748145
"Dumfriesshire, Clydesdale and Tweeddale",94.1911020825541,0.0,0.0,94.1911020825541
North East Fife,96.79612726790627,0.0,0.0,96.79612726790627
Glenrothes and Mid Fife,91.21389843451446,0.0,0.0,91.21389843451446
Aberafan Maesteg,95.44047272209983,0.0,0.0,95.44047272209983
Alyn and Deeside,94.32807624673374,0.0,0.0,94.32807624673374
Bangor Aberconwy,95.6433357704791,0.0,0.0,95.6433357704791
Blaenau Gwent and Rhymney,94.31119994261938,0.0,0.0,94.31119994261938
"Brecon, Radnor and Cwm Tawe",95.20492820809163,0.0,0.0,95.20492820809163
Bridgend,93.82110103684585,0.0,0.0,93.82110103684585
Caerfyrddin,95.2383467914925,0.0,0.0,95.2383467914925
Caerphilly,93.97230197448712,0.0,0.0,93.97230197448712
Cardiff East,83.62051040543142,0.0,0.0,83.62051040543142
Cardiff North,87.01067782928787,0.0,0.0,87.01067782928787
Cardiff South and Penarth,85.26310556811069,0.0,0.0,85.26310556811069
Cardiff West,84.28365251692078,0.0,0.0,84.28365251692078
Ceredigion Preseli,92.32263219293169,0.0,0.0,92.32263219293169
Clwyd East,93.65845986064276,0.0,0.0,93.65845986064276
Clwyd North,92.0459842008658,0.0,0.0,92.0459842008658
Dwyfor Meirionnydd,94.48268137029636,0.0,0.0,94.48268137029636
Gower,94.03837840820583,0.0,0.0,94.03837840820583
Llanelli,94.62029742834446,0.0,0.0,94.62029742834446
Merthyr Tydfil and Aberdare,95.52440264169195,0.0,0.0,95.52440264169195
Mid and South Pembrokeshire,89.46678607132485,0.0,0.0,89.46678607132485
Monmouthshire,94.46093887074068,0.0,0.0,94.46093887074068
Montgomeryshire and Glyndwr,94.58974599563072,0.0,0.0,94.58974599563072
Neath and Swansea East,94.86567107915796,0.0,0.0,94.86567107915796
Newport East,86.83081043716722,0.0,0.0,86.83081043716722
Newport West and Islwyn,90.23005363479072,0.0,0.0,90.23005363479072
Pontypridd,91.46175341859414,0.0,0.0,91.46175341859414
Rhondda and Ogmore,96.87035871849044,0.0,0.0,96.87035871849044
Swansea West,77.00084367207468,0.0,0.0,77.00084367207468
Torfaen,90.72496279573984,0.0,0.0,90.72496279573984
Vale of Glamorgan,97.61418546583357,0.0,0.0,97.61418546583357
Wrexham,94.0876500424084,0.0,0.0,94.0876500424084
Ynys Mon,96.07624662947161,0.0,0.0,96.07624662947161
,,,,
internal_inclusion_mean,85.91812628295388
internal_inclusion_median,90.62062988323407
internal_inclusion_min,0.0
internal_inclusion_max,97.61418546583357
internal_inclusion_sigma,13.99592000821237
external_inclusion_mean,0.0
external_inclusion_median,0.0
external_inclusion_min,0.0
external_inclusion_max,0.0
external_inclusion_sigma,0.0
exclusion_mean,0.0
exclusion_median,0.0
exclusion_min,0.0
exclusion_max,0.0
exclusion_sigma,0.0
net_mean,85.91812628295388
net_median,90.62062988323407
net_min,0.0
net_max,97.61418546583357
net_sigma,13.99592000821237
